{
  "mae": 0.14543132824003696,
  "r2": 0.9960682617476315,
  "cv_mae": 0.1676278176896274,
  "n_features": 21,
  "n_train": 1600,
  "model_type": "XGBRegressor"
}